{
  "puntos": [
    {
      "nombre": "Constructora Coreda",
      "latitud":  20.62202804305603,
      "longitud": -103.30574224962452
    }
  ]
}
